/*TEAM*/
CREATE TABLE TEAM(
TEAM_NAME VARCHAR(30) NOT NULL,
TEAM_CITY VARCHAR(20) NOT NULL,
TEAM_MASCOT VARCHAR(15),
TEAM_HOME_COLOR VARCHAR(10),
TEAM_AWAY_COLOR VARCHAR(10),
TEAM_HOME_NUM_COLOR VARCHAR (10),
TEAM_AWAY_NUM_COLOR VARCHAR (10),
CONSTRAINT TEAM_PK_TEAM_NAME
PRIMARY KEY(TEAM_NAME),
UNIQUE(TEAM_NAME));

/*TEAM_STATISTICS*/
CREATE TABLE TEAM_STATISTICS(
TEAM_NAME VARCHAR(30) NOT NULL,
TS_WINS SMALLINT DEFAULT 0,
TS_LOSS SMALLINT DEFAULT 0,
TS_FOULS SMALLINT DEFAULT 0,
TS_TOTAL_POINTS INT DEFAULT 0,
TS_TOTAL_TIMEOUTS SMALLINT DEFAULT 0,
CONSTRAINT TEAM_STATISTICS_PK_TEAM_NAME
PRIMARY KEY(TEAM_NAME),
CONSTRAINT TEAM_STATISTICS_TEAM_NAME_FK 
FOREIGN KEY (TEAM_NAME) 
REFERENCES TEAM(TEAM_NAME),
UNIQUE(TEAM_NAME));

/*COACH*/
CREATE TABLE COACH(
COACH_ID MEDIUMINT NOT NULL,
TEAM_NAME VARCHAR(30) NOT NULL,
COACH_DOB DATE NOT NULL,
COACH_FNAME VARCHAR(15) NOT NULL,
COACH_LNAME VARCHAR(15) NOT NULL,
COACH_ROLE VARCHAR(30) NOT NULL CHECK(COACH_ROLE IN ('Offensive Coach', 'Defensive Coach', 'Physical Training Coach')),
COACH_HIRE_DATE DATE NOT NULL,
CONSTRAINT COACH_PK_COACH_ID
PRIMARY KEY(COACH_ID),              
CONSTRAINT COACH_TEAM_NAME_FK 
FOREIGN KEY (TEAM_NAME) 
REFERENCES TEAM(TEAM_NAME),
UNIQUE(COACH_ID));

/*SCHEDULE*/
CREATE TABLE SCHEDULE( 
GAME_ID MEDIUMINT NOT NULL, 
TEAM_NAME VARCHAR(30) NOT NULL,
S_GAME_NUMBER_OF_WEEK SMALLINT NOT NULL, 
S_WEEK_NUMBER SMALLINT NOT NULL, 
S_HOME VARCHAR(3) NOT NULL, 
S_AWAY VARCHAR(3) NOT NULL, 
CHECK(S_HOME = 'YES' OR S_HOME = 'NO'),          
CHECK(S_AWAY = 'YES' OR S_AWAY = 'NO'),
CONSTRAINT SCHEDULE_PK_GAME_ID_TEAM_NAME
PRIMARY KEY(GAME_ID, TEAM_NAME), 
CONSTRAINT SCHEDULE_TEAM_NAME_FK 
FOREIGN KEY (TEAM_NAME) 
REFERENCES TEAM(TEAM_NAME),
UNIQUE(GAME_ID, TEAM_NAME));

/*PLAYER*/
CREATE TABLE PLAYER(
PLAYER_ID MEDIUMINT NOT NULL,       
TEAM_NAME VARCHAR(30) NOT NULL,
PLAYER_JNUMBER SMALLINT NOT NULL,
PLAYER_FNAME VARCHAR(15), 
PLAYER_LNAME VARCHAR(15),
PLAYER_DOB DATE CHECK(PLAYER_DOB > '1900-01-01'),
PLAYER_CONTRACT_LENGTH SMALLINT NOT NULL,
CONSTRAINT PLAYER_PK_PLAYER_ID
PRIMARY KEY(PLAYER_ID),
CONSTRAINT PLAYER_TEAM_NAME_FK    
FOREIGN KEY (TEAM_NAME) 
REFERENCES TEAM(TEAM_NAME),
UNIQUE(PLAYER_ID));

/*PLAYER_STATISTICS*/
CREATE TABLE PLAYER_STATISTICS(
PLAYER_ID MEDIUMINT NOT NULL,
PS_FREE_THROW_MISSED SMALLINT DEFAULT 0,
PS_FREE_THROW_MADE SMALLINT DEFAULT 0,
PS_TURNOVERS SMALLINT DEFAULT 0,
PS_POINTS SMALLINT DEFAULT 0,
PS_FOULS SMALLINT DEFAULT 0,
CONSTRAINT PLAYER_STATISTICS_PK_PLAYER_ID
PRIMARY KEY(PLAYER_ID),
CONSTRAINT PLAYER_STATISTICS_PLAYER_ID_FK
FOREIGN KEY (PLAYER_ID) 
REFERENCES PLAYER(PLAYER_ID),
UNIQUE(PLAYER_ID));



/*TEAM*/
INSERT INTO TEAM VALUES('Mighty Cardinals', 'Lewiston', 'Cardinal', 'Red', 'White', 'White', 'Red');
INSERT INTO TEAM VALUES('Fighting Badgers', 'Smithtown', 'Badger', 'Green', 'White', 'White', 'Green');
INSERT INTO TEAM VALUES('Massive Elephants', 'Minneapolis', 'Elephant', 'Grey', 'White', 'White', 'Grey');
INSERT INTO TEAM VALUES('Biting Crocodiles', 'St. Paul', 'Crocodile', 'Yellow', 'White', 'White', 'Yellow');
INSERT INTO TEAM VALUES('Furious Mustangs', 'Rochester', 'Mustang', 'Tan', 'White', 'White', 'Tan');
INSERT INTO TEAM VALUES('Soaring Eagles', 'St. Charles', 'Eagle', 'Brown', 'White', 'White', 'Brown');
INSERT INTO TEAM VALUES('Savage Vikings', 'Norristown', 'Viking', 'Purple', 'White', 'White', 'Purple');
INSERT INTO TEAM VALUES('Golden Hawkeyes', 'Ames', 'Hawk', 'Gold', 'White', 'White', 'Gold');
INSERT INTO TEAM VALUES('Electrifying Chargers', 'Columbia', 'Electrical Bolt', 'Blue', 'White', 'White', 'Blue');
INSERT INTO TEAM VALUES('Brave Knights', 'St. Croix', 'Knight', 'Orange', 'White', 'White', 'Orange');

/*TEAM_STATISTICS*/
INSERT INTO TEAM_STATISTICS VALUES('Mighty Cardinals', 18, 0, 65, 990, 21); 
INSERT INTO TEAM_STATISTICS VALUES('Savage Vikings', 16, 2, 79, 679, 32); 
INSERT INTO TEAM_STATISTICS VALUES('Soaring Eagles', 0, 18, 101, 250, 10); 
INSERT INTO TEAM_STATISTICS VALUES('Fighting Badgers', 10, 8, 54, 503, 15); 
INSERT INTO TEAM_STATISTICS VALUES('Massive Elephants', 8, 10, 67, 444, 14); 
INSERT INTO TEAM_STATISTICS VALUES('Electrifying Chargers', 4, 14, 89, 303, 28); 
INSERT INTO TEAM_STATISTICS VALUES('Golden Hawkeyes', 7, 11, 90, 405, 29); 
INSERT INTO TEAM_STATISTICS VALUES('Brave Knights', 2, 16, 56, 300, 20); 
INSERT INTO TEAM_STATISTICS VALUES('Biting Crocodiles', 3, 15, 98, 267, 21); 
INSERT INTO TEAM_STATISTICS VALUES('Furious Mustangs', 9, 9, 92, 456, 32); 

/*COACH*/
INSERT INTO COACH VALUES(100000, 'Mighty Cardinals', '1951-12-29', 'John', 'Becker', 'Offensive Coach', '2015-01-01'); 
INSERT INTO COACH VALUES(100003, 'Fighting Badgers', '1960-03-15', 'Adam', 'Williams', 'Offensive Coach', '2014-03-21'); 
INSERT INTO COACH VALUES(100004, 'Massive Elephants', '1940-10-10', 'Alex', 'Johnson', 'Offensive Coach', '2015-04-21'); 
INSERT INTO COACH VALUES(100005, 'Electrifying Chargers', '1945-11-01', 'Zane', 'Wilhelm', 'Offensive Coach', '2013-01-02'); 
INSERT INTO COACH VALUES(100006, 'Soaring Eagles', '1972-10-04', 'Zander', 'Appleseed', 'Offensive Coach', '2010-10-11'); 
INSERT INTO COACH VALUES(100007, 'Golden Hawkeyes', '1979-09-26', 'Clay', 'Langer', 'Offensive Coach', '2016-05-10'); 
INSERT INTO COACH VALUES(100008, 'Brave Knights', '1939-06-17', 'Max', 'Johnson', 'Offensive Coach', '2017-01-05'); 
INSERT INTO COACH VALUES(100009, 'Savage Vikings', '1949-09-03', 'Ahmad', 'Gretsky', 'Offensive Coach', '2009-09-25'); 
INSERT INTO COACH VALUES(200000, 'Mighty Cardinals', '1978-03-23', 'Will', 'Neeck', 'Physical Training Coach', '2015-03-27'); 
INSERT INTO COACH VALUES(300002, 'Biting Crocodiles', '1967-05-01', 'Jeremy', 'Kell', 'Defensive Coach', '2011-09-08'); 

/*SCHEDULE*/
INSERT INTO SCHEDULE VALUES(1000, 'Mighty Cardinals',  1, 1, 'Yes', 'No'); 
INSERT INTO SCHEDULE VALUES(1000, 'Fighting Badgers', 1, 1, 'No', 'Yes'); 
INSERT INTO SCHEDULE VALUES(1033, 'Mighty Cardinals', 2, 3, 'No', 'Yes'); 
INSERT INTO SCHEDULE VALUES(1033, 'Fighting Badgers', 2, 3, 'Yes', 'No'); 
INSERT INTO SCHEDULE VALUES(4342, 'Brave Knights', 9, 12, 'No', 'Yes'); 
INSERT INTO SCHEDULE VALUES(4342, 'Golden Hawkeyes', 9, 12, 'Yes', 'No'); 
INSERT INTO SCHEDULE VALUES(5678, 'Biting Crocodiles', 5, 5, 'Yes', 'No'); 
INSERT INTO SCHEDULE VALUES(5678, 'Soaring Eagles', 5, 5, 'No', 'Yes'); 
INSERT INTO SCHEDULE VALUES(6795, 'Electrifying Chargers', 10, 14, 'No', 'Yes'); 
INSERT INTO SCHEDULE VALUES(6795, 'Savage Vikings', 10, 14, 'Yes', 'No'); 

/*PLAYER*/
INSERT INTO PLAYER VALUES(31006, 'Mighty Cardinals', 22, 'Brady', 'Lange', '1998-01-11', 5);
INSERT INTO PLAYER VALUES(31679, 'Mighty Cardinals', 11, 'Matt', 'Keller', '1998-05-23', 3);
INSERT INTO PLAYER VALUES(98848, 'Fighting Badgers', 22, 'Clay', 'Seifert', '1996-10-10', 1); 
INSERT INTO PLAYER VALUES(86767, 'Savage Vikings', 3, 'Clay', 'Johnson', '1985-12-06', 8);
INSERT INTO PLAYER VALUES(74747, 'Brave Knights', 15, 'Alex', 'Herink', '1999-01-01', 3);
INSERT INTO PLAYER VALUES(64378, 'Golden Hawkeyes', 22, 'Mack', 'Keller', '2000-04-06', 7);
INSERT INTO PLAYER VALUES(45689, 'Soaring Eagles', 1, 'John', 'Williams', '1999-01-01', 5);
INSERT INTO PLAYER VALUES(43627, 'Soaring Eagles', 30, 'John', 'Grams', '1999-02-25', 1);
INSERT INTO PLAYER VALUES(54509, 'Electrifying Chargers', 30, 'Adrian', 'Peterson', '1990-11-12', 9);
INSERT INTO PLAYER VALUES(23405, 'Massive Elephants', 1, 'Adam', 'Williamson', '1989-12-01', 3);

/*PLAYER_STATISTICS*/
INSERT INTO PLAYER_STATISTICS VALUES(31006, 15, 50, 24, 101, 21);
INSERT INTO PLAYER_STATISTICS VALUES(31679, 20, 101, 45, 199, 34);
INSERT INTO PLAYER_STATISTICS VALUES(98848, 29, 35, 67, 67, 11);
INSERT INTO PLAYER_STATISTICS VALUES(86767, 10, 40, 16, 62, 15);
INSERT INTO PLAYER_STATISTICS VALUES(74747, 8, 1, 4, 5, 4);
INSERT INTO PLAYER_STATISTICS VALUES(64378, 4, 70, 30, 240, 39);
INSERT INTO PLAYER_STATISTICS VALUES(45689, 37, 23, 50, 115, 24);
INSERT INTO PLAYER_STATISTICS VALUES(43627, 34, 69, 23, 59, 32);
INSERT INTO PLAYER_STATISTICS VALUES (54509, 4, 10, 11, 88, 10);
INSERT INTO PLAYER_STATISTICS VALUES(23405, 17, 57, 12, 156, 16);

COMMIT;
